"file","post_url","date","carousel_index","width","height","caption"
"IG_001_2026-09-08_DdBAhNKoMrr_1.jpg","https://www.instagram.com/p/DdBAhNKoMrr/","2026-09-08","1","1440","960","Rarely offered along the Bargara Esplanade, the top floor residences at Mira Living bring together space, lifestyle, sophistication and privacy in a truly exceptional beachfront setting.  Brand new and designed for both comfort and flexibility, these residences offer an elevated coastal lifestyle with:  ✨ Stunning beachfront surroundings ✨ Private balcony spaces designed to embrace the coastal setting ✨ Outdoor shutters — an exclusive top-floor feature ✨ Spacious, flexible 3-bedroom + Multipurpose Living ✨ Secure side-by-side parking ✨ Beautifully elevated Coral Sea views  There’s something different about being on the top floor — more privacy, more elevation and thoughtful features designed to make everyday living feel effortless.  Just 2 top floor residences remain.   📍 25–27 The Esplanade, Bargara 🌐 miraliving.com.au 👀 Private inspections available.  #MiraLiving #Bargara #TopFloorLiving #CoastalLiving #OceanViews"
"IG_002_2026-09-02_Dcx-07zpUaF_1.jpg","https://www.instagram.com/p/Dcx-07zpUaF/","2026-09-02","1","1080","1440","There’s something about this time of day. 🤍  Soft skies, salty air and the kind of stillness that makes you want to stay a little longer.  Mira Living has always been about more than creating a beautiful home — it’s about creating a lifestyle. Slow mornings, sunset walks and the coast right on your doorstep.  This is what coming home should feel like.  #MiraLiving #Bargara #CoastalLifestyle #LuxuryLiving"
"IG_003_2026-09-01_Dcukh9yoLfF_1.jpg","https://www.instagram.com/p/Dcukh9yoLfF/","2026-09-01","1","720","540","🏗️ THE FINAL CHAPTER IS HERE 🌊  Mira Living is officially 98% COMPLETE — with completion now only days away! 🎉  Our boutique collection of 25 architecturally designed 3-bedroom residences on The Esplanade, Bargara is nearly finished.  ✨ Coastal living 🌊 Coral Sea views 🏡 Spacious 3-bedroom residences (+MPR options) 📍 Unbeatable Ocean Front location  Interested in viewing Mira Living or finding out what’s still available?  📩 Contact our sales team to arrange a private inspection or request the latest price list and availability - 📲 0458 960 726"
"IG_004_2026-08-20_DcP-FUiJk4N_1.jpg","https://www.instagram.com/p/DcP-FUiJk4N/","2026-08-20","1","1448","1931","🌿 It’s all coming together!  Landscaping is officially underway at MIRA LIVING today, and what a difference that fresh green makes. 🌱  With the finishing touches happening inside and out, we’re getting very close to seeing this project complete. ✨  #MiraLiving #ProjectProgress #Landscaping #FinishingTouches #AlmostThere"
"IG_005_2026-08-18_DcKW3xtoIE6_1.jpg","https://www.instagram.com/p/DcKW3xtoIE6/","2026-08-18","1","1440","960","A kitchen designed for effortless living. ✨  At Mira Living, every detail has been thoughtfully considered — from the refined finishes and generous proportions to the seamless connection between style and functionality.  A space made for slow mornings, entertaining friends and enjoying the coastal lifestyle of Bargara.  #MiraLiving #Bargara #CoastalLiving  #LuxuryLiving #KitchenDesign"
"IG_006_2026-08-08_Dbw4l7UJVn9_1.jpg","https://www.instagram.com/p/Dbw4l7UJVn9/","2026-08-08","1","1346","1668","Neutral tones. Natural textures. Timeless finishes. A little bathroom perfection 🤍  #MiraLiving #TimelessFinishes #LuxuryLiving #OceanfrontProperty #Bargara"
"IG_007_2026-07-29_DbXvpgQJutn_1.jpg","https://www.instagram.com/p/DbXvpgQJutn/","2026-07-29","1","1440","1051","The scaffolding is down. The vision stands proud. MIRA LIVING is almost ready. ✨  #MiraLiving #ProjectUpdate #Bargara"
"IG_008_2026-07-07_DaefaMeE7xl_1.jpg","https://www.instagram.com/p/DaefaMeE7xl/","2026-07-07","1","1080","1350","Life is better at the beach. 🌊  There’s something special about waking to the sound of the ocean, taking a morning stroll along the Esplanade, and enjoying coffee with a sea breeze.  At Mira Living, this isn't just a holiday feeling—it's a lifestyle you'll get to enjoy every day.   Discover premium coastal living in the heart of Bargara.  #MiraLiving #LifeIsBetterAtTheBeach #Bargara #CoastalLiving #DownsizeWithoutCompromise"
"IG_009_2026-06-19_DZv16MZhNCr_1.jpg","https://www.instagram.com/p/DZv16MZhNCr/","2026-06-19","1","1440","1800","Things are getting real at Mira Living ✨"
"IG_010_2026-06-12_DZdxWNdk7Zx_1.jpg","https://www.instagram.com/p/DZdxWNdk7Zx/","2026-06-12","1","1438","809","What was once a set of plans is now becoming a landmark coastal address on the Esplanade 🏖️   #MiraLiving #ConstructionUpdate #Bargara #CoastalLiving #OceanViews"
"IG_010_2026-06-12_DZdxWNdk7Zx_2.jpg","https://www.instagram.com/p/DZdxWNdk7Zx/","2026-06-12","2","1438","809","What was once a set of plans is now becoming a landmark coastal address on the Esplanade 🏖️   #MiraLiving #ConstructionUpdate #Bargara #CoastalLiving #OceanViews"
"IG_010_2026-06-12_DZdxWNdk7Zx_3.jpg","https://www.instagram.com/p/DZdxWNdk7Zx/","2026-06-12","3","1438","809","What was once a set of plans is now becoming a landmark coastal address on the Esplanade 🏖️   #MiraLiving #ConstructionUpdate #Bargara #CoastalLiving #OceanViews"
"IG_011_2026-06-04_DZJNQPLk4Zx_1.jpg","https://www.instagram.com/p/DZJNQPLk4Zx/","2026-06-04","1","1080","1350","☀️ Morning coffee overlooking the coast. 🚶 A stroll along the Esplanade. 🍽️ Lunch at a local café. 🏖️ An afternoon by the beach. 🌅 Sunset from your balcony.  At Mira Living, you're not just buying an apartment—you're embracing a relaxed coastal lifestyle.  #MiraLiving #BargaraLiving #CoastalLifestyle"
"IG_012_2026-06-01_DZCSnLcEWdb_1.jpg","https://www.instagram.com/p/DZCSnLcEWdb/","2026-06-01","1","1080","608","MIRA LIVING | First Day of Winter @miraliving.bargara   Mira in all its glory, glowing beneath the sunset on the first day of winter. 🌅 Soft light, endless skies, and a moment worth holding onto a little longer. ✨  If you’d like to get in touch to discuss Bargaras newest oceanfront development please contact us today 👇   Sonia Hancock  📞 0438 162 574  Matthew Capuzzo 📞 0458 960 726  #Mira #GoldenHour #FirstDayOfWinter #sellingwithteamsonia #EveningGlow"
"IG_013_2026-05-20_DYi1dj4oPHk_1.jpg","https://www.instagram.com/p/DYi1dj4oPHk/","2026-05-20","1","1080","1350","Bargara offers a relaxed beachside vibe without the crowds of larger coastal cities. Residents enjoy morning walks along the esplanade, ocean swims, cafés, and a genuine community feel — life moves at a gentler pace here.   ✨️ Relaxed Coastal Lifestyle ✨️ Stunning Beaches & Ocean Views ✨️ Everything you need close by - cafes, shopping, medical & golf ✨️ Beautiful walking paths & year-round outdoor living ✨️ Easy access to Bundaberg and airport connections ✨️ Apartment living that still feels spacious and luxurious   #MiraLiving #Bargara #CoastalLifestyle #OceanFrontLiving"
"IG_014_2026-05-15_DYWxujhE8bi_1.jpg","https://www.instagram.com/p/DYWxujhE8bi/","2026-05-15","1","1080","809","Hard to beat a site like this — unreal views from the top every day 🌊👀 and lunch breaks down by the water… yeah, we’ve been doing it pretty tough @miraliving.bargara   Top crew, good banter, and everything coming together nicely 💪  Reckon the boys are gonna be a bit devo when this one wraps up… not every job comes with a view like this 😅"
"IG_014_2026-05-15_DYWxujhE8bi_2.jpg","https://www.instagram.com/p/DYWxujhE8bi/","2026-05-15","2","1080","809","Hard to beat a site like this — unreal views from the top every day 🌊👀 and lunch breaks down by the water… yeah, we’ve been doing it pretty tough @miraliving.bargara   Top crew, good banter, and everything coming together nicely 💪  Reckon the boys are gonna be a bit devo when this one wraps up… not every job comes with a view like this 😅"
"IG_015_2026-05-12_DYOVdeSkd_R_1.jpg","https://www.instagram.com/p/DYOVdeSkd_R/","2026-05-12","1","1080","1350","The roof is officially underway 🏗️   Seeing the structure take shape on our absolute oceanfront site is nothing short of exciting as construction continues to progress at a strong pace.   With the building now approaching its full form, the vision for boutique luxury living on the Bargara coastline is becoming a reality. ✨️   #MiraLiving #Bargara #OceanFront #NewDevelopment  #LuxuryLiving #CoastalLiving"
"IG_016_2026-04-29_DXsrVqUoDn1_1.jpg","https://www.instagram.com/p/DXsrVqUoDn1/","2026-04-29","1","1080","1350","Here’s why you should consider your very own apartment at Mira Living…  ✨️ Limited Supply — just 25 luxury residences ✨️ Brand New — the first apartment release in Bargara in over 15 years ✨️ Absolute Esplanade frontage — uninterrupted Coral Sea views that can never be built out ✨️ Boutique Luxury — spacious 3-bedroom residences with MPR, premium finishes, sparkling resort-style pool and secure 2-car parking  💙 This is more than a home—it’s a rare coastal opportunity.  #MiraLiving #LuxuryCoastal #Bargara #RareOpportunity #OceanfrontLiving #NewDevelopment"
"IG_017_2026-04-25_DXhn-UDE1z5_1.jpg","https://www.instagram.com/p/DXhn-UDE1z5/","2026-04-25","1","1080","1350","Lest we forget.  Today we pause to remember and honour the courage, sacrifice, and spirit of those who served 🙏"
"IG_018_2026-04-24_DXf2SRdkqoc_1.jpg","https://www.instagram.com/p/DXf2SRdkqoc/","2026-04-24","1","1080","1350","Luxury Living is loading...  A new standard of coastal sophistication is on its way.  Thoughtfully designed spaces, refined finishes, and uninterrupted moments of calm - this is Mira Living. ✨️   Soon, the wait will be over.  #MiraLiving #LuxuryCoastal #ComingSoon #OceanFrontLiving #Bargara"
"IG_019_2026-04-20_DXVz4-Sk9f2_1.jpg","https://www.instagram.com/p/DXVz4-Sk9f2/","2026-04-20","1","1440","975","Nothing beats knocking off and heading straight to the beach for a bit of arvo footy 🏉☀️   Good crew, salty air, and a well-earned wind-down after a solid week on the @miraliving.bargara site.   This is what it’s all about. Good on you lads!   #fridayfeel #workhardplayhard #miraliving #teamtime #aussiesummer"
"IG_019_2026-04-20_DXVz4-Sk9f2_2.jpg","https://www.instagram.com/p/DXVz4-Sk9f2/","2026-04-20","2","1440","978","Nothing beats knocking off and heading straight to the beach for a bit of arvo footy 🏉☀️   Good crew, salty air, and a well-earned wind-down after a solid week on the @miraliving.bargara site.   This is what it’s all about. Good on you lads!   #fridayfeel #workhardplayhard #miraliving #teamtime #aussiesummer"
"IG_019_2026-04-20_DXVz4-Sk9f2_3.jpg","https://www.instagram.com/p/DXVz4-Sk9f2/","2026-04-20","3","1440","975","Nothing beats knocking off and heading straight to the beach for a bit of arvo footy 🏉☀️   Good crew, salty air, and a well-earned wind-down after a solid week on the @miraliving.bargara site.   This is what it’s all about. Good on you lads!   #fridayfeel #workhardplayhard #miraliving #teamtime #aussiesummer"
"IG_019_2026-04-20_DXVz4-Sk9f2_4.jpg","https://www.instagram.com/p/DXVz4-Sk9f2/","2026-04-20","4","1440","981","Nothing beats knocking off and heading straight to the beach for a bit of arvo footy 🏉☀️   Good crew, salty air, and a well-earned wind-down after a solid week on the @miraliving.bargara site.   This is what it’s all about. Good on you lads!   #fridayfeel #workhardplayhard #miraliving #teamtime #aussiesummer"
"IG_020_2026-04-16_DXLk_ADk3l8_1.jpg","https://www.instagram.com/p/DXLk_ADk3l8/","2026-04-16","1","1440","1080","Big energy on the top floor of @miraliving.bargara 🔥   Nothing fancy, just a bunch of good blokes showing up, backing each other, and getting it done! 💪   Enjoying the ride while we build something we’re proud of - and the views don’t hurt either 🏖️"
"IG_021_2026-04-16_DXLaAy-kzB0_1.jpg","https://www.instagram.com/p/DXLaAy-kzB0/","2026-04-16","1","1080","1350","Taking form, one detail at a time 🩷   The heart of the home is coming together — layered textures, warm tones, and timeless materials designed to last.  Completion is getting closer ✨️   #MiraLiving #Bargara #InteriorDesign #LuxuryInteriors #ModernCoastal #CoastalDesign #TimelessDesign #DesignDetails #KitchenDesign #StoneAndTimber"
"IG_021_2026-04-16_DXLaAy-kzB0_2.jpg","https://www.instagram.com/p/DXLaAy-kzB0/","2026-04-16","2","1440","960","Taking form, one detail at a time 🩷   The heart of the home is coming together — layered textures, warm tones, and timeless materials designed to last.  Completion is getting closer ✨️   #MiraLiving #Bargara #InteriorDesign #LuxuryInteriors #ModernCoastal #CoastalDesign #TimelessDesign #DesignDetails #KitchenDesign #StoneAndTimber"
"IG_022_2026-04-08_DW3G-T1j_gl_1.jpg","https://www.instagram.com/p/DW3G-T1j_gl/","2026-04-08","1","1080","1350","Mira Living captures this feeling—where refined design meets a relaxed coastal lifestyle by the ocean.  Spaces designed not just to live in, but to truly unwind. 🌴 ☀️   #MiraLiving #NewDevelopment #CoastalLuxury #OceanViews #Bargara"
"IG_023_2026-04-02_DWnFI8OkhZb_1.jpg","https://www.instagram.com/p/DWnFI8OkhZb/","2026-04-02","1","1080","1350","Can you spot the Easter bunny? 🐰   There's something special about Bargara at Easter!! ☀️ Warm coastal days 🌊 Ocean breezes  🧘‍♀️ Time to truly unwind  ✨️ A lifestyle like this is what Mira Living is all about.   #MiraLiving #HappyEaster #Bargara #EasterWeekend #SpotTheEasterBunny"
"IG_024_2026-04-01_DWljh8WoKhh_1.jpg","https://www.instagram.com/p/DWljh8WoKhh/","2026-04-01","1","1080","1083","A glimpse into the lifestyle taking shape at Mira Living - where resort-style pools, lush tropical landscaping, and considered design is coming together to create a private oasis at home. 💦   Interest is increasing as we near completion ✨️   Secure your own piece of paradise by calling 0458 960 726 🌴   DM's welcome 💬   🌐 www.miraliving.com.au  #MiraLiving #Bargara #NewDevelopment #Oceanfront #QldRealEstate #LuxuryLiving"
"IG_025_2026-03-24_DWQ9XEDIFp3_1.jpg","https://www.instagram.com/p/DWQ9XEDIFp3/","2026-03-24","1","1080","1350","🍂 Soft, layered neutrals. ✨️ Refined, timeless finishes. 🌴 Effortless coastal living.  #Mira Living  #bargara #coastalliving #oceanfront #QLDProperty #newdevelopment #newbuild #moodboard"
"IG_026_2026-03-19_DWC31Z5IPg8_1.jpg","https://www.instagram.com/p/DWC31Z5IPg8/","2026-03-19","1","1080","1080","✨️ Secure Your Oceanfront Residence at Mira Living✨️   An exceptional opportunity to own at Mira Living, Bargara's newest luxury oceanfront address.  With construction progressing and completion in sight, now is the perfect moment to secure your home. The anticipation is over, and it's time to prepare for a move to place with uninterrupted coastal views, refined interiors, and a heightened living experience.   Residences start from $1.395M 🌴 Limited Availability  📞 0458 960 726 🌐 miraliving.com.au"
"IG_028_2026-02-27_DVPPMp4ja71_1.jpg","https://www.instagram.com/p/DVPPMp4ja71/","2026-02-27","1","1286","1606","✨️ Where design meets detail ✨️   At Mira Living, our interiors are now taking shape as bespoke cabinetry and finishes are installed throughout each residence.  Every element has been considered to deliver a sophisticated, low-maintenance coastal lifestyle.   #MiraLiving #OceanfrontLiving #NewDevelopment #Bargara #QldRealEstate #CoastalLifestyle #SellingNow"
"IG_029_2026-02-13_DUsOOoekiN6_1.jpg","https://www.instagram.com/p/DUsOOoekiN6/","2026-02-13","1","1080","1350","✨ An Elevated Perspective ✨  From the top floor of Mira Living, the ocean stretches endlessly ahead — a rare, uninterrupted outlook that will soon be enjoyed from private residences above the shoreline.  This is where craftsmanship meets location, and where coastal living is elevated to its finest form.  📍 Absolute Oceanfront | Bargara 🏡 Limited residences remaining 📩 Call Matthew Capuzzo for all the info 📲 0458 960 726  #MiraLiving #Bargara #OceanfrontLiving #QLDRealEstate #NewDevelopment  @hancockpropertygroup @furtadoproperty"
"IG_031_2026-02-11_DUmBvurDEhF_1.jpg","https://www.instagram.com/p/DUmBvurDEhF/","2026-02-11","1","1080","1350","✨ A Milestone in Luxury Living ✨  The final floor has been poured, and internal fit-outs are now commencing at Mira Living. As craftsmanship takes centre stage, each residence begins its transformation into a refined oceanfront home.  With completion approaching, opportunities to secure this exclusive coastal lifestyle are becoming increasingly limited.🩵   📍 Oceanfront | Bargara 🏡 Limited residences remaining 📩 Enquire now 0438 162 574  #MiraLiving #NewDevelopment #Oceanfront #Bargara #LuxuryCoastalLiving #QLDRealEstate"
"IG_033_2025-12-24_DSoCwVPk1of_1.jpg","https://www.instagram.com/p/DSoCwVPk1of/","2025-12-24","1","1080","1350","🎄✨ Christmas at Mira Living ✨🎄  This festive season, we’re celebrating coastal mornings, ocean breezes, and the simple luxury of coming home to the sea. 🌊🤍  From all of us at Mira Living, we wish you a joyful Christmas filled with sunshine, serenity, and special moments by the water. Here’s to a bright and beautiful year ahead. 🎄 🎁   #MiraLiving #CoastalLuxury #ChristmasByTheSea #BargaraLiving #OceanfrontHomes   @hancockpropertygroup @furtadoproperty"
"IG_036_2025-12-10_DSEYcLpk47o_1.jpg","https://www.instagram.com/p/DSEYcLpk47o/","2025-12-10","1","1438","767","✨ Only 25 Residences - One Unrepeatable Location ✨   Discover a new level of coastal luxury at Mira Living, where boutique design meets absolute oceanfront living in the heart of Bargara.  Wake to sweeping Coral Sea views, unwind in resort-style surrounds, and enjoy effortless access to beaches, cafés, and the beloved Bargara Golf Club — all from a residence crafted with precision, privacy, and timeless style.  Your rare chance to secure a piece of Bargara’s most coveted address is here --> 0438 162 574  ✨ Now Selling www.miraliving.com.au @miraliving.bargara @hancockpropertygroup"
"IG_037_2025-11-22_DRWVMKPktcz_1.jpg","https://www.instagram.com/p/DRWVMKPktcz/","2025-11-22","1","1439","1054","✨ Mira Living, Bargara’s newest development, is hitting exciting milestones, with the building now more than halfway up! 🎉  With Level 3 recently poured, the project is rising quickly as we move toward the final two levels. As the structure takes shape, our team is beginning to focus on the premium interior details that will make Mira Living truly feel like home.  It's an incredible moment to secure your place in this landmark address. ✨ Get in touch today to find the apartment that suits you best. 📲 0438 162 574 💬 DM for more info!  #MiraLiving #NewDevelopment #Oceanfront #Bargara #LuxuryCoastalLiving"
"IG_038_2025-11-12_DQ82UVlEvvc_1.jpg","https://www.instagram.com/p/DQ82UVlEvvc/","2025-11-12","1","1350","1687","Another milestone reached at @miraliving.bargara  This week saw another level poured, taking us one step closer to realising the vision of luxury living in Bargara. The higher we go, the more breathtaking the views become!  A huge thank you to our dedicated team and incredible partners for their hard work, precision, and commitment. Your efforts continue to elevate this landmark project to new heights!"
"IG_039_2025-11-08_DQx6XYUk6AC_1.jpg","https://www.instagram.com/p/DQx6XYUk6AC/","2025-11-08","1","1080","1350","Morning and afternoon strolls, ocean breezes, endless horizons. 👣   At Mira Living, the beach isn’t just your view — it’s your backyard. 🏝️   Step into a lifestyle where every day begins with the sound of waves and a walk by the sea.✨   Oceanfront apartments now selling. 📍 Mira Living — where coastal serenity meets modern living. 📲 0438 162 574   #MiraLiving #FurtadoProperty  #OceanfrontLiving #CoastalHomes #LuxuryApartments #BeachsideLife #LiveByTheSea #QLDRealEstate"
"IG_042_2025-10-10_DPnHvmoDHS8_1.jpg","https://www.instagram.com/p/DPnHvmoDHS8/","2025-10-10","1","1440","1080","🌊 Morning swims, afternoon strolls, or just soaking in this view—what's your favourite way to enjoy the beach?  At Mira Living, this breathtaking coastal paradise is right on your doorstep. 🏖️✨  Tell us—how would you spend your perfect day here? Let us know in the comments! 👇  #miraliving #bargarabeach #coastallifestyle #beachsideliving #bargaragolfclub"
"IG_043_2025-10-02_DPSsx-ZE823_1.jpg","https://www.instagram.com/p/DPSsx-ZE823/","2025-10-02","1","1440","1152","The team at Mira Living wanted to touch base with you! ✨   We've had a bustling few weeks and can't wait to reveal more developments soon. 🏗️   Our location offers a prime oceanfront view, surrounded by Bargara's top offerings —enhance your way of living here and secure your very own apartment now. 🏝️   Discover more at www.miraliving.com.au   #MiraLiving #FurtadoProperty #Bargara #OceanfrontLiving #QldRealEstate #UnderConstruction #BargaraBeach #KellysBeach"
"IG_044_2025-09-11_DOcZmMmk-4W_1.jpg","https://www.instagram.com/p/DOcZmMmk-4W/","2025-09-11","1","1440","1800","By choosing Mira Living as your home, you’re not just purchasing a property, you’re investing in a lifestyle. 🌿   Imagine waking up to the gentle sound of waves, witnessing breathtaking sunrises from your own oceanfront balcony and creating lasting memories with loved ones in the comfort of your coastal retreat.   Visit the link in our bio to secure your piece of paradise. 🔗   #MiraLiving #Bargara #OceanFront #CoastalLifestyle #QLDProperty #BargaraBeach #Retirement #QLDRealEstate"
"IG_045_2025-09-04_DOKgV9MDvrg_1.jpg","https://www.instagram.com/p/DOKgV9MDvrg/","2025-09-04","1","1440","1800","Seaside Serenity Meets Modern Elegance ✨  Wake up to breathtaking ocean views and a seamless indoor-outdoor flow that brings coastal luxury to life. This is more than a home—it’s a lifestyle. 🌿🏡  #CoastalLiving #OceanViews #DreamHome"
"IG_046_2025-08-21_DNmaD5CTlcp_1.jpg","https://www.instagram.com/p/DNmaD5CTlcp/","2025-08-21","1","1080","1350","With Kellys Beach just minutes from your front door, it’s easy to make ocean swims, sandy walks, and sun-drenched mornings part of your daily rhythm.🏃‍♀️ 🏊‍♂️   Patrolled and peaceful, this beloved Bargara gem is ideal for early dips, lazy afternoons, and family picnics under the trees 🏖️ 🍉   🌊 Calm, swimmable waters 👣 Easy beach access 🌿 Naturally relaxing surroundings  At Mira Living, you don’t just live near the beach — you live with it.   #MiraLiving #KellysBeach #BargaraLife #CoastalSanctuary #QLDCoastalLiving #LiveByTheSea #BeachfrontBliss #LuxuryApartments"
"IG_047_2025-08-19_DNhUTgAzApi_1.jpg","https://www.instagram.com/p/DNhUTgAzApi/","2025-08-19","1","640","480","Discover the Bargara Basin 💦  Tucked at the northern end of Kellys Beach near Christensen Park, the Basin is one of Bargara’s hidden coastal gems 💎   This naturally sheltered swimming spot was crafted from volcanic rock over a century ago — and still provides a safe, family-friendly place to relax and swim today 🌋   At higher tide, you’ll often spot colourful fish gliding through the calm, clear waters, making it a favourite with locals and visitors alike 🐠   📍 Just minutes from Mira Living, the Basin is yet another reason why life in Bargara flows a little easier.  #BargaraBasin #MiraLiving #BargaraLifestyle #CoastalLiving #QLDGetaways #KellysBeach #SwimSpotsAustralia"
"IG_048_2025-08-08_DNE8_6pMmzZ_1.jpg","https://www.instagram.com/p/DNE8_6pMmzZ/","2025-08-08","1","480","599","Step inside Mira Living and discover a level of craftsmanship that matches the beauty outside.   Every residence is thoughtfully appointed with premium finishes that elevate daily living — all while complementing the relaxed elegance of coastal life 🌴   ✨ Stone benchtops & sleek cabinetry ✨ Elegant tiled flooring in earthy, contemporary tones ✨ Quality appliances & designer tapware ✨ Light-filled open-plan spaces with calming neutral palettes  Designed for comfort, built for longevity, and styled for effortless living.  Because your home should feel as good as it looks ❤️   #MiraLiving #CoastalInteriors #LuxuryFinishes #QLDRealEstate #InteriorInspo #BeachfrontLiving #MiraMoments #DesignMatters"
"IG_049_2025-08-07_DNB6K_Uypsc_1.jpg","https://www.instagram.com/p/DNB6K_Uypsc/","2025-08-07","1","1080","1350","Wake up to the rhythm of the waves and soak in panoramic Coral Sea views from your private balcony at Mira Living, Bargara.🌊   Apartment 7 — known for its lucky charm and peaceful energy — is still available to purchase.🍀   Don’t miss your chance to own this beautifully crafted, absolute oceanfront residence. ✔️ 3 bedrooms + multipurpose room ✔️ 2 secure car spaces ✔️ Resort-style pool & alfresco areas ✔️ Absolute beachfront  Your coastal sanctuary awaits 🌿   #MiraLiving #Oceanfront #QLDRealEstate #Bargara"
"IG_050_2025-07-30_DMt3NjIsB4A_1.jpg","https://www.instagram.com/p/DMt3NjIsB4A/","2025-07-30","1","1438","767","Nestled on the stunning Bargara oceanfront, Mira Living offers the best of coastal living with everything you need just moments away:  ➡️ 400m to Kellys Beach ➡️ 500m to Bargara Golf Club ➡️ 600m to Bargara Beach Hotel ➡️ 1.5km to Bargara Central (Woolworths, Pharmacy, Cafes + more) ➡️ 3.1km to Bargara State School ➡️ 5.2km to Early Education Centre ➡️ 7.7km to Mon Repos Turtle Centre ➡️ 18km to Bundaberg Hospital ➡️ 19km to Bundaberg Airport  From morning walks by the ocean to quick trips for everyday essentials, Mira Living places you at the centre of it all. 🌊☀️🏡  📍Secure your oceanfront residence - Enquire by calling 0417 775 718  #MiraLiving #Bargara #CoastalLifestyle #QLDProperty #OceanfrontLiving #BargaraBeach #RetirementLiving"
"IG_051_2025-07-26_DMkJDC_p12S_1.jpg","https://www.instagram.com/p/DMkJDC_p12S/","2025-07-26","1","1440","1799","Ground floor: poured, prepped, powering ahead 👷‍♂️🔨🙌  #ConstructionUpdate #GroundUp #SolidFoundation #BuildingProgress #NoCracksInOurPlan #PouredAndPowering"
"IG_051_2025-07-26_DMkJDC_p12S_2.jpg","https://www.instagram.com/p/DMkJDC_p12S/","2025-07-26","2","1440","1800","Ground floor: poured, prepped, powering ahead 👷‍♂️🔨🙌  #ConstructionUpdate #GroundUp #SolidFoundation #BuildingProgress #NoCracksInOurPlan #PouredAndPowering"
"IG_053_2025-07-23_DMcKkb9s041_1.jpg","https://www.instagram.com/p/DMcKkb9s041/","2025-07-23","1","1080","1350","✨ BARGARA’S PREMIUM COASTAL OASIS IS UNDER CONSTRUCTION ✨   Emerging from the ground - Progress at Mira Living is well underway! 🏗️   This exclusive collection of just 25 boutique oceanfront residences is taking shape—and there's never been a better time to secure your slice of coastal luxury.🌊   Why We Love Mira Living: 🩵  Absolute oceanfront location in beautiful Bargara 🩵 Walk to golden beaches, Bargara golf club, cafés & more 🩵  Expansive, light-filled floorplans with sunrise views 🩵  Designer kitchens with premium finishes 🩵  Developed by Furtado Property in association with IDC Construction @idcconstruction @furtadoproperty  Whether you're looking for a new lifestyle or a luxury weekend retreat, Mira Living is where elegance meets adventure.📍   Now Selling | Construction Underway 🚧  📩 Enquire today – your new coastal chapter starts here. 📲 0417 775 718 💻 miraliving@eplace.com.au 🌏 www.miraliving.com.au  #MiraLiving #BargaraLiving #UnderConstruction #LuxuryApartments #OceanfrontLiving #QLDRealEstate #CoastalLifestyle #NowSelling"
"IG_054_2025-07-22_DMZrYZmstuM_1.jpg","https://www.instagram.com/p/DMZrYZmstuM/","2025-07-22","1","904","626","At Mira Living, location is everything — and you’re in the heart of it all.  Nestled right on the absolute oceanfront and surrounded by Bargara’s best offerings, your new home is more than just a residence — it’s a lifestyle upgrade.  Here’s what’s just minutes from your doorstep: 🏖️ Kelly’s Beach – swim, stroll or simply unwind ⛳ Bargara Golf Club – your new weekend ritual ☕ Local cafés & eateries – for brunch, brews & good company 🛍️ Bargara Central – everything you need, just around the corner 🐢 Turtle Trail & Mon Repos – nature and adventure await  Whether it’s your morning coffee run or a sunset coastal walk, Mira Living puts you exactly where you want to be — by the beach, close to everything, and far from ordinary.  #MiraLiving #BargaraLife #CoastalLocation #LiveByTheSea #BeachfrontApartments #QLDRealEstate #MiraMoments #BargaraLifestyle"
"IG_055_2025-07-17_DMMeorRslHI_1.jpg","https://www.instagram.com/p/DMMeorRslHI/","2025-07-17","1","320","400","The Bargara Esplanade and Turtle Trail is a local favourite for walkers, joggers, and cyclists alike. 🚴‍♂️   This peaceful, ocean-hugging path connects Bargara to Mon Repos and beyond — perfect for morning movement or evening unwinds.   🐢 Spot native wildlife and maybe even a turtle in season 🚴‍♂️ Ride or walk the coastal track 🌊 Panoramic sea views the whole way  At Mira Living, these breathtaking trails are part of your everyday lifestyle — not a weekend getaway. ✨   #BargaraEsplanade #CoastalLiving #QLDRealEstate #OceanfrontLifestyle #ScenicWalks #BargaraLife #MiraMoments"
"IG_056_2025-07-14_DMEl_-1sWWh_1.jpg","https://www.instagram.com/p/DMEl_-1sWWh/","2025-07-14","1","698","399","Welcome to Mira Living — a boutique collection of oceanfront residences in the heart of Bargara.🐢   Here, the sea becomes part of your everyday life, with panoramic Coral Sea views, soft ocean breezes, and a coastal community that’s as peaceful as it is vibrant.✨   Whether you're seeking a seaside sanctuary, a lock-and-leave lifestyle, or a long-term investment in paradise — Mira Living offers a rare chance to live where others holiday.🏖️   🌊 Absolute oceanfront location 🏠 Spacious 3-bedroom + multipurpose layouts 🏖️ Resort-style pool and alfresco spaces 🚶‍♀️ Walk to the golf club, beach, cafés and more  Enquire today and make the coast your new home.✨   #MiraLiving #BargaraLiving #Oceanfront #QLDRealEstate #CoastalSanctuary #LiveByTheSea #NewApartmentsQLD #MiraMoments"
"IG_057_2025-07-09_DL38RVgMOTv_1.jpg","https://www.instagram.com/p/DL38RVgMOTv/","2025-07-09","1","1440","960","This is the view from Level 5 at Mira Living — and yes, it’s real.  Wake up to uninterrupted, panoramic vistas of the Coral Sea stretching to the horizon. From the top floor, you’ll feel like you’re floating above the coastline, with nothing between you and the ocean breeze. 🌊☀️  Whether it's your morning coffee or your evening unwind, every moment is elevated here.  🏡 Boutique luxury apartments 🌅 Absolute oceanfront views — no filters needed ☀️ Top Floor opportunities available  When the view is this good, home becomes your favourite destination.  #MiraLiving #OceanfrontViews #BargaraLiving #TopFloorLuxury #CoastalDreaming #Level5Views #BeachfrontApartments #QLDRealEstate"
"IG_058_2025-07-08_DL1zX5dPax7_1.jpg","https://www.instagram.com/p/DL1zX5dPax7/","2025-07-08","1","1080","1350","Just a short stroll from Mira Living, the Bargara Golf Club offers more than just 18 holes - it's your local escape where you can unwind, connect, and soak in the sea breeze as you play.   Live where your lifestyle and leisure meet - with the green on one side and the ocean on the other.  🏠 Boutique coastal living 🌊 Steps to Kelly's Beach ⛳ Moments from the fairway   👉Don’t just visit Bargara — live it.  #MiraLiving #BargaraGolfClub #CoastalLifestyle #QLDLiving #LuxuryApartments #Oceanfront"
"IG_059_2025-06-19_DLE5p6Rs8VO_1.jpg","https://www.instagram.com/p/DLE5p6Rs8VO/","2025-06-19","1","1440","949","We’re pleased to report that basement works are now complete — marking a major milestone for the project 🏆   Meanwhile, block work and core filling are progressing smoothly, with strong momentum across the site. 🏗️   Looking ahead, we’re preparing to commence ground floor slab formwork and concreting in the coming weeks as the structure begins to take shape above ground.✨   Mira Living remains on track for completion by Easter 2026, and we’re excited to keep you updated as the next phase of this stunning coastal development unfolds. 🏖️   #miraliving #bargaraesplanade #projectmilestone #underconstruction  #developmentupdate #bargarabeach #oceanfront #offplanproperty #qldrealestate"
"IG_060_2025-06-17_DK_xWzORfhQ_1.jpg","https://www.instagram.com/p/DK_xWzORfhQ/","2025-06-17","1","1080","1350","It’s been an exceptionally busy few weeks on site at @miraliving.bargara with the basement slab pour, and boundary block work going up fast!  We’re so excited to see things kicking into high gear from here, and can’t wait to share more milestones soon."
"IG_060_2025-06-17_DK_xWzORfhQ_2.jpg","https://www.instagram.com/p/DK_xWzORfhQ/","2025-06-17","2","1440","1796","It’s been an exceptionally busy few weeks on site at @miraliving.bargara with the basement slab pour, and boundary block work going up fast!  We’re so excited to see things kicking into high gear from here, and can’t wait to share more milestones soon."
"IG_061_2025-06-13_DK1Z2Aaxyd7_1.jpg","https://www.instagram.com/p/DK1Z2Aaxyd7/","2025-06-13","1","1439","810","Limited Opportunities Remain at Mira Living - Don't Miss Out! 🏡   Secure your dream home at Mira Living by calling our team today. With only a limited number of homes left, this is your chance to join a vibrant community and enjoy modern living at its finest. ✨   Act quickly to ensure you don't miss this unique opportunity to own a piece of Mira Living. Our friendly representatives are ready to assist you every step of the way. Don't wait—reach out now and make Mira Living your new home! Phone 0417 775 718 📲"
"IG_062_2025-06-12_DKx5acvuRkb_1.jpg","https://www.instagram.com/p/DKx5acvuRkb/","2025-06-12","1","1080","1350","There’s never been a better time to secure your future at Mira Living, Bargara’s premier beachfront address - with completion in under 12 months!✨   ✅ Lock in today’s price – Secure your apartment at current market value before completion.  ✅ More time to save – Pay the deposit now, with the balance due at settlement.  ✅ Customise your finishes – Select from premium fixtures and finishes to suit your style.  ✅ Capital growth potential – Benefit from possible market increases before you move in.  ✅ Brand new, never lived in – Enjoy the peace of mind of a fresh, modern home with full warranties.  Mira Living is designed for elegant coastal living — perfect for downsizers and retirees who want to enjoy the best of life by the sea. 🌊 ✨   #buyoffplan #miraliving #oceanfront #bargarabeach #baragara"
"IG_063_2025-06-09_DKqBYo2shNn_1.jpg","https://www.instagram.com/p/DKqBYo2shNn/","2025-06-09","1","1440","1458","Experience the serene beauty and perfect weather that Bargara Qld has to offer.  Imagine waking up to the gentle sound of the ocean and feeling the warmth of the sun as you step outside ☀️ 🌊   Whether it is a morning walk by the beach or a relaxing afternoon on your balcony, everyday at Mira Living offers an opportunity to embrace the natural beauty surrounding you 🐚   Your dream oceanfront lifestyle awaits you at Mira Living, where every day is a beautiful day 🌴   Secure your new home by calling 0417 775 718 ✨   #bargara #bargarabeach #oceanfront #miraliving #esplanadebargara"
"IG_064_2025-06-06_DKjLC4jsGjy_1.jpg","https://www.instagram.com/p/DKjLC4jsGjy/","2025-06-06","1","1440","1459","IDC Construction are actively engaged on-site with the ongoing construction of Mira Living. The project is progressing steadily as workers are dedicated to bringing the vision of Mira Living to life 🏗️   This development promises to offer modern living spaces, combining functionality with aesthetic appeal. As construction continues, anticipation builds for the completion of what is set to be a remarkable addition to the community 🐢   @idcconstruct @furtadoproperty @placeprojects  #bargarabeach #bargara #oceanfront #bargaraesplanade #miraliving"
"IG_065_2025-06-01_DKWOv_nP8LR_1.jpg","https://www.instagram.com/p/DKWOv_nP8LR/","2025-06-01","1","1440","779","Mira Living presents a downsizing opportunity that doesn't compromise on space, luxury or comfort. 🐢   Secure your three bedroom ocean front apartment today by calling Le-Anne Allan on 0417 775 718 ✨   #miraliving #furtadoproperty #retirement #bargara #luxuryliving #oceanfrontliving"
"IG_066_2025-05-31_DKSzHPPtavy_1.jpg","https://www.instagram.com/p/DKSzHPPtavy/","2025-05-31","1","1440","1920","Mira Living begins to take form as its foundational roots are established 🌴   A stunning oceanfront location, pristine coastline and vibrant community - Modern living is coming to the heart of Bargara.   @idcconstruct @furtadoproperty @placeprojects  #coastalliving #bargarabeach #bargara #miraliving #furtadopropety #development #oceanfront #beachliving"
"IG_067_2025-03-29_DHxkXhLA_1P_1.jpg","https://www.instagram.com/p/DHxkXhLA_1P/","2025-03-29","1","1440","1800","Serene, sophisticated, and designed for ultimate comfort.🌿   The mood for the Mira Living master suite blends modern elegance with coastal tranquility, creating a private retreat to unwind and recharge.   #MiraLiving #MoodBoard #MasterSuite #Bargara"
"IG_068_2025-03-27_DHrb3DGSNor_1.jpg","https://www.instagram.com/p/DHrb3DGSNor/","2025-03-27","1","1440","1800","Hit the fairways with a sea breeze at your back! 🏌️‍♂️  Just a 3-minute stroll from Mira Living, Bargara Golf Club offers an exceptional golfing experience complete with lush greens, ocean views, and a welcoming community. For seasoned golfers or anyone looking for a relaxed day out, this local gem has something for everyone. ⛳  #BargaraCommunity #BargaraGolfClub #MiraLiving #CoastalLiving"
"IG_068_2025-03-27_DHrb3DGSNor_2.jpg","https://www.instagram.com/p/DHrb3DGSNor/","2025-03-27","2","1440","1800","Hit the fairways with a sea breeze at your back! 🏌️‍♂️  Just a 3-minute stroll from Mira Living, Bargara Golf Club offers an exceptional golfing experience complete with lush greens, ocean views, and a welcoming community. For seasoned golfers or anyone looking for a relaxed day out, this local gem has something for everyone. ⛳  #BargaraCommunity #BargaraGolfClub #MiraLiving #CoastalLiving"
"IG_069_2025-03-25_DHmrxS3Swch_1.jpg","https://www.instagram.com/p/DHmrxS3Swch/","2025-03-25","1","1440","1800","Our Type C Floor Plan – Designed for Comfort & Style.  Featuring a spacious master suite and open-plan living, this layout is crafted for seamless flow and effortless modern living. The perfect balance of functionality and elegance.   #DreamHome #ModernLiving #FloorPlan"
"IG_070_2025-03-23_DHhFzQGSlPX_1.jpg","https://www.instagram.com/p/DHhFzQGSlPX/","2025-03-23","1","1440","1800","Seaside Serenity Meets Modern Elegance ✨  Wake up to breathtaking ocean views and a seamless indoor-outdoor flow that brings coastal luxury to life. This is more than a home—it’s a lifestyle. 🌿🏡  #CoastalLiving #OceanViews #DreamHome"
"IG_071_2025-03-21_DHc2dTQpHJJ_1.jpg","https://www.instagram.com/p/DHc2dTQpHJJ/","2025-03-21","1","1440","1800","Why Bargara is the Perfect Place to Call Home 🌴✨  Living in Bargara means embracing a relaxed coastal lifestyle with so much to offer:  🏖 Stunning Beaches – Swim, fish, or unwind at Kelly’s Beach & Nielson Park. 🌿 Laid-Back Living – Enjoy a peaceful, slower pace away from city chaos. 🚗 Close to Bundaberg – Just a 15-minute drive for shopping, schools & more. ☀️ Great Climate – Warm, sunny weather year-round. 👋 Community Vibes – Meet new people, explore markets & local events. 🏡 Everything You Need – Supermarkets, cafes, and medical services at your doorstep.  Whether you're after beachside serenity or a welcoming community, Bargara has it all. 🌊✨ #BargaraLiving #CoastalLife"
"IG_072_2025-03-17_DHRuadZSxra_1.jpg","https://www.instagram.com/p/DHRuadZSxra/","2025-03-17","1","1080","1350","Craving something sweet by the beach?   Just a 5-minute stroll from Mira Living your future home, Beach Treats Bargara is a local favourite serving up all the good stuff—ice cream, coffee, cake, waffles, donuts, churros, toasties, and more! 🍦☕🥞   Plus, it’s pet-friendly, so bring your pup along and soak in the stunning Bargara Beach views. 🐶🌊   #BargaraEats #BeachTreats #BargaraCommunity"
"IG_072_2025-03-17_DHRuadZSxra_2.jpg","https://www.instagram.com/p/DHRuadZSxra/","2025-03-17","2","1080","1350","Craving something sweet by the beach?   Just a 5-minute stroll from Mira Living your future home, Beach Treats Bargara is a local favourite serving up all the good stuff—ice cream, coffee, cake, waffles, donuts, churros, toasties, and more! 🍦☕🥞   Plus, it’s pet-friendly, so bring your pup along and soak in the stunning Bargara Beach views. 🐶🌊   #BargaraEats #BeachTreats #BargaraCommunity"
"IG_073_2025-03-15_DHNXvkpRuQz_1.jpg","https://www.instagram.com/p/DHNXvkpRuQz/","2025-03-15","1","1080","1350","Buying new means modern design, energy efficiency, and a home built for the future. With premium finishes, lower maintenance, and the latest technology, Mira Living offers a fresh start in a space designed for comfort and longevity. 🏠   Visit the link in our bio to secure your piece of paradise. 🔗"
"IG_074_2025-03-13_DHH5b4Hval9_1.jpg","https://www.instagram.com/p/DHH5b4Hval9/","2025-03-13","1","1080","1350","Every detail at Mira Living has been thoughtfully curated to create a stylish, timeless space. From premium  finishes to elegant interiors, all are designed to feel both luxurious and inviting. Here’s a glimpse of the living room vision coming to life! ✨   #miraliving #bargara #bargarabeach #oceanliving"
"IG_075_2025-03-01_DGohdjGSJHO_1.jpg","https://www.instagram.com/p/DGohdjGSJHO/","2025-03-01","1","1440","1800","Exploring Dog-Friendly Beaches in Bargara 🐾🌊  Bargara offers a welcoming environment for dog owners, with several beaches and areas where your furry friends can enjoy the coastal beauty.  On-Leash Areas 🦮   Bargara Beach: Dogs are welcome on-leash, except at Kellys Beach.  Bargara Esplanade Foreshore: The scenic foreshore is perfect for walks with your dog on a leash, offering picturesque views and a relaxing atmosphere.   Off-Leash Areas 🐩   Bargara's nearest designated off-leash beach options include:  Woodgate Beach: Approximately a 40-minute drive, this beach offers off-leash areas where dogs can roam freely.   Additional Tips 👇   Many local cafés in Bargara offer dog-friendly outdoor seating, allowing you to enjoy a meal or coffee with your pet by your side. Remember to always check local signage and guidelines, as regulations can change.   Enjoy exploring Bargara's beautiful coastline with your canine companion!   #bargara #dogowners #beach #miraliving #furtadoproperty #bagaraliving #oceanfront"
"IG_076_2025-02-28_DGmVUJUNcIw_1.jpg","https://www.instagram.com/p/DGmVUJUNcIw/","2025-02-28","1","1440","1800","| Mira Living - Your Personal Sanctuary Awaits   Discover the pinnacle of luxury at Mira Living, where the breathtaking resort-style pool area invites you to unwind in style.  Bask in the sun, take a refreshing morning swim, or host unforgettable gatherings beneath the elegant shaded pavilion—every element is crafted to elevate your experience.  Framed by lush greenery and sophisticated design, this isn’t just a pool—it’s your private retreat from the everyday.  Regsiter your interest and receive your personalised information pack via the link in our Bio  "" Find your happy Place in 2025 "" . . . @placeprojects_ @miraliving.bargara @furtadoproperty @idcconstruct @placeestateagents"
"IG_077_2025-02-27_DGkNFWJxsN3_1.jpg","https://www.instagram.com/p/DGkNFWJxsN3/","2025-02-27","1","1440","1800","Coastal Living in Motion – Bargara Parkrun 🏃‍♂️🌊  At Mira Living, we celebrate the vibrant coastal lifestyle, and what better way to embrace it than with a morning run along the beautiful Bargara Foreshore? 🌞🏝️  Bargara Parkrun is a free, community-driven 5km event held every Saturday—perfect for runners, walkers, and even four-legged friends on a lead! 🐶   Whether you're chasing a PB or just soaking in the sunrise, it’s a great way to stay active and connect with like-minded locals.   Living by the coast isn’t just about the views—it’s about the lifestyle. 🌊🏡 Could you see yourself here?  📍 Where: Nielson Park 🕘 When: Every Saturday morning  #MiraLiving #BargaraParkrun #CoastalLiving #ActiveLifestyle"
"IG_078_2025-02-25_DGevtEKqrLC_1.jpg","https://www.instagram.com/p/DGevtEKqrLC/","2025-02-25","1","1080","1350","Mira Living is Coming to Life! ✨🏗️  Progress is well underway as we lay the foundation for this exclusive coastal retreat. With every step, Mira Living moves closer to becoming a reality—where modern design meets effortless coastal luxury.   Stay tuned for more updates on your future oasis.   @idcconstruct @furtadoproperty @placeprojects  #miraliving #luxuryliving #bargara"
"IG_079_2025-02-17_DGJ7vknIVJw_1.jpg","https://www.instagram.com/p/DGJ7vknIVJw/","2025-02-17","1","1440","1800","Nestled in a charming farm setting, The Garden Mill Café is more than just a café—it's a place where great food meets great company.   From their delicious handmade cakes (with gluten-free & vegan options!) to wood-fired pizzas, every bite feels like home.   Plus, you can say hello to the friendly goats, chickens, and guinea pigs while you’re there! 🐐  Whether you're stopping by for a treat or soaking in the relaxing farm atmosphere, this is a must-visit spot in the community. 🍰🌿 📍 Visit them at The Garden Mill Café 👉 @GardenMillCafe  #CommunitySpotlight #GardenMillCafe #LocalEats #CoastalVibes #FarmToTable"
"IG_079_2025-02-17_DGJ7vknIVJw_2.jpg","https://www.instagram.com/p/DGJ7vknIVJw/","2025-02-17","2","1440","1800","Nestled in a charming farm setting, The Garden Mill Café is more than just a café—it's a place where great food meets great company.   From their delicious handmade cakes (with gluten-free & vegan options!) to wood-fired pizzas, every bite feels like home.   Plus, you can say hello to the friendly goats, chickens, and guinea pigs while you’re there! 🐐  Whether you're stopping by for a treat or soaking in the relaxing farm atmosphere, this is a must-visit spot in the community. 🍰🌿 📍 Visit them at The Garden Mill Café 👉 @GardenMillCafe  #CommunitySpotlight #GardenMillCafe #LocalEats #CoastalVibes #FarmToTable"
"IG_080_2025-02-14_DGCzdD-s0HQ_1.jpg","https://www.instagram.com/p/DGCzdD-s0HQ/","2025-02-14","1","1440","1800","Another Exclusive Residence Secured at Mira Living ✨  Another stunning apartment has been snapped up in our beachfront development.   With premium finishes, breathtaking ocean views, and a lifestyle designed for effortless luxury, it’s no surprise these residences are moving fast.🏡   Limited opportunities remain. Secure your place in this exclusive community before it's gone.📩   Contact us today for availability.#MiraLiving #LuxuryApartments #Bargara #BeachfrontLiving #Sold #ExclusiveLiving"
"IG_080_2025-02-14_DGCzdD-s0HQ_2.jpg","https://www.instagram.com/p/DGCzdD-s0HQ/","2025-02-14","2","1440","1800","Another Exclusive Residence Secured at Mira Living ✨  Another stunning apartment has been snapped up in our beachfront development.   With premium finishes, breathtaking ocean views, and a lifestyle designed for effortless luxury, it’s no surprise these residences are moving fast.🏡   Limited opportunities remain. Secure your place in this exclusive community before it's gone.📩   Contact us today for availability.#MiraLiving #LuxuryApartments #Bargara #BeachfrontLiving #Sold #ExclusiveLiving"
"IG_081_2025-02-12_DF9AT0Cxf4U_1.jpg","https://www.instagram.com/p/DF9AT0Cxf4U/","2025-02-12","1","1440","1800","The Vasari Moroccan porcelain vanity brings a refined touch to the bathroom, combining intricate stonework with effortless sophistication. ✨   A statement of luxury and durability, perfect for coastal living.  #MiraLiving #Bathroom #Development #Bargara #FurtardoProperty"
"IG_082_2025-01-31_DFd_j75xCsu_1.jpg","https://www.instagram.com/p/DFd_j75xCsu/","2025-01-31","1","1440","1080","🌊 Morning swims, afternoon strolls, or just soaking in this view—what's your favourite way to enjoy the beach?  At Mira Living, this breathtaking coastal paradise is right on your doorstep. 🏖️✨  Tell us—how would you spend your perfect day here? Let us know in the comments! 👇  #miraliving #bargarabeach #coastallifestyle #beachsideliving #bargaragolfclub"
"IG_083_2025-01-29_DFZAunPKU7v_1.jpg","https://www.instagram.com/p/DFZAunPKU7v/","2025-01-29","1","1080","1350","Discover a new era of coastal living with Mira Living 🌊✨   Offering a rare chance to own a boutique home along the beautiful Bargara coastline—the first of its kind in over 15 years.   Secure your slice of paradise today - Enquire through the link in our bio! 🏡   #miraliving #bargara #luxuryhome #furtadoproperty #oceanfront #beach #beachliving #golf #bargaragolfclub"
"IG_084_2025-01-27_DFUb4amAvId_1.jpg","https://www.instagram.com/p/DFUb4amAvId/","2025-01-27","1","1080","1350","Your local just got better!   Only a 2-minute stroll from Mira Living, the Bargara Beach Hotel offers the perfect spot to unwind. With a spacious layout, a menu packed with delicious options, and a warm, welcoming team, it’s the ideal place to catch up with friends or enjoy a relaxed meal after a day by the beach.   Community, convenience, and coastal vibes—all right on your doorstep. 🌴✨   #miraliving #bargara #furtadoproperty #luxuryhomes @bargarabeachhotel4670"
"IG_084_2025-01-27_DFUb4amAvId_2.jpg","https://www.instagram.com/p/DFUb4amAvId/","2025-01-27","2","1080","1350","Your local just got better!   Only a 2-minute stroll from Mira Living, the Bargara Beach Hotel offers the perfect spot to unwind. With a spacious layout, a menu packed with delicious options, and a warm, welcoming team, it’s the ideal place to catch up with friends or enjoy a relaxed meal after a day by the beach.   Community, convenience, and coastal vibes—all right on your doorstep. 🌴✨   #miraliving #bargara #furtadoproperty #luxuryhomes @bargarabeachhotel4670"
"IG_085_2025-01-25_DFOQ0kQSsvW_1.jpg","https://www.instagram.com/p/DFOQ0kQSsvW/","2025-01-25","1","1080","1350","Step inside your dream coastal home 🏡✨   Explore the thoughtfully designed Type B floor plan, offering seamless indoor-outdoor living with breathtaking ocean views. 🌊  Your new lifestyle starts here—enquire today to secure your spot at Mira Living!   #coastalliving #bargarabeach #bargara #miraliving #furtadopropety #development #oceanfront #beachliving"
"IG_086_2025-01-22_DFHMruMxN5m_1.jpg","https://www.instagram.com/p/DFHMruMxN5m/","2025-01-22","1","1080","1080","✨ And so it begins! ✨  We’re thrilled to announce that construction for Mira Living has officially commenced! 🏗️  The beginning of January, we celebrated this milestone with our groundbreaking ceremony that marked the start of transforming our vision into reality.   The event brought together the talented teams from IDC Construct, Sparc Architects, Place Projects and Sarah Wood Design, along with representatives from the local paper, Channel 7, and other key partners.  Adding to the morning’s excitement, the Dayzees Kombi Coffee Van treated us to delicious coffee, fueling great conversations and an energetic start to this exciting new chapter. A heartfelt thank you to everyone who joined us to commemorate this special day—your presence made it even more memorable!  This is more than just the start of construction; it’s the beginning of creating a community where modern coastal living meets timeless design. We couldn’t be more excited to see our vision take shape right here in beautiful Bargara. 🌊🏡  A big thank you to all the incredible collaborators who are pouring their expertise and passion into this development. With every detail thoughtfully considered, we’re creating homes that perfectly complement the stunning coastal landscape.   Here's to the journey ahead and the dream homes that await. 💛  #MiraLiving #BargaraLiving #ConstructionBegins #CoastalHomes #DreamInTheMaking"
"IG_086_2025-01-22_DFHMruMxN5m_2.jpg","https://www.instagram.com/p/DFHMruMxN5m/","2025-01-22","2","1080","1080","✨ And so it begins! ✨  We’re thrilled to announce that construction for Mira Living has officially commenced! 🏗️  The beginning of January, we celebrated this milestone with our groundbreaking ceremony that marked the start of transforming our vision into reality.   The event brought together the talented teams from IDC Construct, Sparc Architects, Place Projects and Sarah Wood Design, along with representatives from the local paper, Channel 7, and other key partners.  Adding to the morning’s excitement, the Dayzees Kombi Coffee Van treated us to delicious coffee, fueling great conversations and an energetic start to this exciting new chapter. A heartfelt thank you to everyone who joined us to commemorate this special day—your presence made it even more memorable!  This is more than just the start of construction; it’s the beginning of creating a community where modern coastal living meets timeless design. We couldn’t be more excited to see our vision take shape right here in beautiful Bargara. 🌊🏡  A big thank you to all the incredible collaborators who are pouring their expertise and passion into this development. With every detail thoughtfully considered, we’re creating homes that perfectly complement the stunning coastal landscape.   Here's to the journey ahead and the dream homes that await. 💛  #MiraLiving #BargaraLiving #ConstructionBegins #CoastalHomes #DreamInTheMaking"
"IG_086_2025-01-22_DFHMruMxN5m_3.jpg","https://www.instagram.com/p/DFHMruMxN5m/","2025-01-22","3","1080","1080","✨ And so it begins! ✨  We’re thrilled to announce that construction for Mira Living has officially commenced! 🏗️  The beginning of January, we celebrated this milestone with our groundbreaking ceremony that marked the start of transforming our vision into reality.   The event brought together the talented teams from IDC Construct, Sparc Architects, Place Projects and Sarah Wood Design, along with representatives from the local paper, Channel 7, and other key partners.  Adding to the morning’s excitement, the Dayzees Kombi Coffee Van treated us to delicious coffee, fueling great conversations and an energetic start to this exciting new chapter. A heartfelt thank you to everyone who joined us to commemorate this special day—your presence made it even more memorable!  This is more than just the start of construction; it’s the beginning of creating a community where modern coastal living meets timeless design. We couldn’t be more excited to see our vision take shape right here in beautiful Bargara. 🌊🏡  A big thank you to all the incredible collaborators who are pouring their expertise and passion into this development. With every detail thoughtfully considered, we’re creating homes that perfectly complement the stunning coastal landscape.   Here's to the journey ahead and the dream homes that await. 💛  #MiraLiving #BargaraLiving #ConstructionBegins #CoastalHomes #DreamInTheMaking"
"IG_086_2025-01-22_DFHMruMxN5m_4.jpg","https://www.instagram.com/p/DFHMruMxN5m/","2025-01-22","4","1080","1080","✨ And so it begins! ✨  We’re thrilled to announce that construction for Mira Living has officially commenced! 🏗️  The beginning of January, we celebrated this milestone with our groundbreaking ceremony that marked the start of transforming our vision into reality.   The event brought together the talented teams from IDC Construct, Sparc Architects, Place Projects and Sarah Wood Design, along with representatives from the local paper, Channel 7, and other key partners.  Adding to the morning’s excitement, the Dayzees Kombi Coffee Van treated us to delicious coffee, fueling great conversations and an energetic start to this exciting new chapter. A heartfelt thank you to everyone who joined us to commemorate this special day—your presence made it even more memorable!  This is more than just the start of construction; it’s the beginning of creating a community where modern coastal living meets timeless design. We couldn’t be more excited to see our vision take shape right here in beautiful Bargara. 🌊🏡  A big thank you to all the incredible collaborators who are pouring their expertise and passion into this development. With every detail thoughtfully considered, we’re creating homes that perfectly complement the stunning coastal landscape.   Here's to the journey ahead and the dream homes that await. 💛  #MiraLiving #BargaraLiving #ConstructionBegins #CoastalHomes #DreamInTheMaking"
"IG_087_2025-01-12_DEuEBT7OsHB_1.jpg","https://www.instagram.com/p/DEuEBT7OsHB/","2025-01-12","1","1440","1800","Location. Lifestyle. Luxury. ⛳  Just a short stroll to the golf course, cafes, the reef, and more—Mira Living offers a rare opportunity to enjoy coastal living like never before.  Secure your piece of paradise through the link in our profile.  #MiraLiving #CoastalLifestyle #BargaraLiving #BoutiqueResidences #DiscoverMore"
"IG_089_2025-01-09_DElllyDIA4R_1.jpg","https://www.instagram.com/p/DElllyDIA4R/","2025-01-09","1","1440","1800","Your private oasis awaits 🌿💧  The centerpiece of luxury at Mira Living, this stunning pool area offers the ultimate in relaxation and serenity.   Whether it’s lounging in the sun, enjoying a morning swim, or entertaining under the shaded pavilion, every detail has been thoughtfully designed to enhance your lifestyle.  Surrounded by lush greenery and sleek finishes, the pool is more than just a feature—it’s an escape from the everyday.  #MiraLiving #LuxuryByDesign #PoolsideLiving #ModernCoastalLiving #YourPrivateRetreat"
"IG_089_2025-01-09_DElllyDIA4R_2.jpg","https://www.instagram.com/p/DElllyDIA4R/","2025-01-09","2","1440","1800","Your private oasis awaits 🌿💧  The centerpiece of luxury at Mira Living, this stunning pool area offers the ultimate in relaxation and serenity.   Whether it’s lounging in the sun, enjoying a morning swim, or entertaining under the shaded pavilion, every detail has been thoughtfully designed to enhance your lifestyle.  Surrounded by lush greenery and sleek finishes, the pool is more than just a feature—it’s an escape from the everyday.  #MiraLiving #LuxuryByDesign #PoolsideLiving #ModernCoastalLiving #YourPrivateRetreat"
"IG_090_2025-01-06_DEd-AOZMTM4_1.jpg","https://www.instagram.com/p/DEd-AOZMTM4/","2025-01-06","1","1440","810","Bargara’s next chapter begins here. ✨   A stunning location surrounded by pristine coastline and vibrant community living. As we step into the new year, exciting milestones await for this upcoming development—bringing modern living to the heart of Bargara. 🌊  #MiraLiving #BargaraLiving #CoastalCommunity #ExcitingDevelopments #NewYearNewMilestones"
"IG_091_2025-01-04_DEYY96-BBLk_1.jpg","https://www.instagram.com/p/DEYY96-BBLk/","2025-01-04","1","1440","1800","The heart of community living. ☕🍽   Also a short stroll from Mira Living, Rick’s at Bargara offers the perfect spot to connect—whether it’s a morning coffee, a relaxed lunch, or a lively evening at the bar.  Experience coastal charm and community right on your doorstep.  #CoastalCommunity #BargaraEssentials #MiraLiving #Rick’sAtBargara #CoastalLiving"
"IG_091_2025-01-04_DEYY96-BBLk_2.jpg","https://www.instagram.com/p/DEYY96-BBLk/","2025-01-04","2","1440","1800","The heart of community living. ☕🍽   Also a short stroll from Mira Living, Rick’s at Bargara offers the perfect spot to connect—whether it’s a morning coffee, a relaxed lunch, or a lively evening at the bar.  Experience coastal charm and community right on your doorstep.  #CoastalCommunity #BargaraEssentials #MiraLiving #Rick’sAtBargara #CoastalLiving"
"IG_092_2025-01-02_DETJo53IUF-_1.jpg","https://www.instagram.com/p/DETJo53IUF-/","2025-01-02","1","1440","1800","🌟 A Piece of Paradise Begins on January 9th! 🌟  We’re thrilled to announce the groundbreaking ceremony of Mira Living, an exceptional new residential development set to redefine modern living in Bargara. ✨  This exciting milestone marks the beginning of a new era for the area, as Mira Living is the first project of its kind in over 15 years.  We’re proud to be working with an outstanding team of partners—IDC Construct, Sparc Architects, Sarah Wood Design, and Place Projects—who are helping bring this vision to life.  Stay tuned as we embark on this incredible journey and celebrate the start of construction! 🚧  #MiraLiving #Groundbreaking #NewBeginnings #IDCConstruct #PlaceProjects #BuildingTheFuture #ModernLiving"
"IG_093_2024-12-31_DEOfxyTopSN_1.jpg","https://www.instagram.com/p/DEOfxyTopSN/","2024-12-31","1","1440","1800","A grand welcome home.✨  The front entrance of Mira Living has been thoughtfully designed to blend modern elegance with coastal charm.   Clean lines, premium finishes, and a sense of arrival set the tone for the exceptional living experience within.  Every detail reflects quality, style, and the essence of Bargara’s relaxed coastal lifestyle. 🌊🏡  #MiraLiving #WelcomeHome #ModernElegance #CoastalLiving #AttentionToDetail"
"IG_093_2024-12-31_DEOfxyTopSN_2.jpg","https://www.instagram.com/p/DEOfxyTopSN/","2024-12-31","2","1440","1800","A grand welcome home.✨  The front entrance of Mira Living has been thoughtfully designed to blend modern elegance with coastal charm.   Clean lines, premium finishes, and a sense of arrival set the tone for the exceptional living experience within.  Every detail reflects quality, style, and the essence of Bargara’s relaxed coastal lifestyle. 🌊🏡  #MiraLiving #WelcomeHome #ModernElegance #CoastalLiving #AttentionToDetail"
"IG_094_2024-12-28_DEHYCu4o6rH_1.jpg","https://www.instagram.com/p/DEHYCu4o6rH/","2024-12-28","1","1080","1350","Thoughtfully designed for effortless living. ✨  Type A floor plan combines functionality with comfort, offering a seamless flow between spaces. Perfectly suited for those who value modern simplicity and coastal charm. 🌿  #MiraLiving #FloorPlanDesign #CoastalLiving #BargaraHomes"
"IG_095_2024-12-25_DD-nR_HMqRB_1.jpg","https://www.instagram.com/p/DD-nR_HMqRB/","2024-12-25","1","1440","1800","🎄✨ Wishing you a very Merry Christmas and a joyful New Year! ✨🎉  From all of us at Mira Living, may this festive season bring you warmth, happiness, and moments to cherish.  #MerryChristmas #HappyNewYear #MiraLiving #CoastalLiving #SeasonGreetings"
"IG_096_2024-12-23_DD5bwZ2I1fl_1.jpg","https://www.instagram.com/p/DD5bwZ2I1fl/","2024-12-23","1","1440","810","Welcome to Bargara 🌴✨  Nestled on Queensland’s stunning coastline, Mira Living offers the perfect balance of laid-back coastal charm and modern convenience.   From pristine beaches to local cafés and a welcoming community, Bargara is more than a location—it’s a lifestyle.  Enjoy endless days soaking up the sun, exploring nearby parks, or taking in ocean views from your doorstep. Just moments away from Bundaberg and surrounded by natural beauty, it’s no wonder Bargara is the ultimate escape for those seeking connection and tranquility.  #MiraLiving #Bargara #CoastalLifestyle #QueenslandLiving #BargaraViews #OceanLiving"
"IG_097_2024-12-21_DD0pvNmh91C_1.jpg","https://www.instagram.com/p/DD0pvNmh91C/","2024-12-21","1","1440","1800","Life feels different when the ocean is just a step away and everything you need is within reach. 🌊✨ Mira Living is all about embracing the charm of Bargara—calm mornings, fresh sea breezes, and a sense of community that feels like home.   Here, every detail is thoughtfully crafted to create a lifestyle that's as effortless as it is beautiful. 🌿   Enquire through the link in our bio.  #MiraLiving #BargaraCoastline #CoastalLifestyle #BargaraLiving #HiddenGem"
"IG_098_2024-12-19_DDvLeo0sHmw_1.jpg","https://www.instagram.com/p/DDvLeo0sHmw/","2024-12-19","1","1440","1800","Imagine waking up to this view. 🌊   Every Mira Living apartment has been thoughtfully designed to bring the outdoors in, with expansive balconies that frame uninterrupted ocean views.   Whether it’s your morning coffee or evening dinner with friends, these spaces are made for relaxation and connection.  Seamlessly blending comfort with coastal elegance, your balcony becomes an extension of your living area—perfect for making every moment feel like a getaway.   Discover the details that make life at Mira Living extraordinary.  #MiraLiving #BalconyDetails #CoastalViews #BargaraLiving #PropertyHighlights"
"IG_098_2024-12-19_DDvLeo0sHmw_2.jpg","https://www.instagram.com/p/DDvLeo0sHmw/","2024-12-19","2","1440","1800","Imagine waking up to this view. 🌊   Every Mira Living apartment has been thoughtfully designed to bring the outdoors in, with expansive balconies that frame uninterrupted ocean views.   Whether it’s your morning coffee or evening dinner with friends, these spaces are made for relaxation and connection.  Seamlessly blending comfort with coastal elegance, your balcony becomes an extension of your living area—perfect for making every moment feel like a getaway.   Discover the details that make life at Mira Living extraordinary.  #MiraLiving #BalconyDetails #CoastalViews #BargaraLiving #PropertyHighlights"
"IG_099_2024-12-15_DDltZLWIr7C_1.jpg","https://www.instagram.com/p/DDltZLWIr7C/","2024-12-15","1","1440","1800","Just a short stroll from Mira Living, The Vine Bar is a cozy local favourite perfect for unwinding. 🍸  Whether you’re savouring a handcrafted cocktail like this decadent treat or exploring their delicious share plates, it’s the kind of place where evenings turn into unforgettable moments.A hidden gem in the Bargara community, The Vine Bar captures the relaxed charm and social vibe that makes living here so special.  We want to know, what is your go-to drink?🥂  #MiraLiving #TheVineBar #BargaraCommunity #CoastalLiving"
"IG_099_2024-12-15_DDltZLWIr7C_2.jpg","https://www.instagram.com/p/DDltZLWIr7C/","2024-12-15","2","1440","1800","Just a short stroll from Mira Living, The Vine Bar is a cozy local favourite perfect for unwinding. 🍸  Whether you’re savouring a handcrafted cocktail like this decadent treat or exploring their delicious share plates, it’s the kind of place where evenings turn into unforgettable moments.A hidden gem in the Bargara community, The Vine Bar captures the relaxed charm and social vibe that makes living here so special.  We want to know, what is your go-to drink?🥂  #MiraLiving #TheVineBar #BargaraCommunity #CoastalLiving"
"IG_100_2024-12-13_DDf_vbnIzp8_1.jpg","https://www.instagram.com/p/DDf_vbnIzp8/","2024-12-13","1","1440","1800","Tucked away in the heart of Bargara, a true hidden gem in Bundaberg, Mira Living offers your luxurious coastal lifestyle.   A seamless blend of relaxed coastal charm and modern elegance makes it a standout destination .7 units are already sold, with only 18 still available.   Each home is thoughtfully designed to reflect the tranquility and beauty of the surrounding landscape—perfect for those who cherish a slower pace and breathtaking views.  #BargaraLiving #CoastalLuxury #HiddenGem #FurtadoProperties #MiraLiving"
"IG_100_2024-12-13_DDf_vbnIzp8_2.jpg","https://www.instagram.com/p/DDf_vbnIzp8/","2024-12-13","2","1440","1800","Tucked away in the heart of Bargara, a true hidden gem in Bundaberg, Mira Living offers your luxurious coastal lifestyle.   A seamless blend of relaxed coastal charm and modern elegance makes it a standout destination .7 units are already sold, with only 18 still available.   Each home is thoughtfully designed to reflect the tranquility and beauty of the surrounding landscape—perfect for those who cherish a slower pace and breathtaking views.  #BargaraLiving #CoastalLuxury #HiddenGem #FurtadoProperties #MiraLiving"
"IG_102_2024-12-04_DDIu2dWPlZE_1.jpg","https://www.instagram.com/p/DDIu2dWPlZE/","2024-12-04","1","1440","1800","Just a 2-minute stroll from Mira Living, the Bargara Beach Bakehouse is a local favourite for good reason. From warm, flaky pastries to their signature sweet treats, it’s the perfect spot to start your day or grab something special after a beach walk. 🍞✨  It’s these little gems, like the bakehouse, that make life in Bargara so inviting—a community where simple pleasures and local flavours are always close by.   #BargaraLiving #MiraLiving #CoastalCharm #BargaraEats #HiddenGem"
"IG_102_2024-12-04_DDIu2dWPlZE_2.jpg","https://www.instagram.com/p/DDIu2dWPlZE/","2024-12-04","2","1440","1800","Just a 2-minute stroll from Mira Living, the Bargara Beach Bakehouse is a local favourite for good reason. From warm, flaky pastries to their signature sweet treats, it’s the perfect spot to start your day or grab something special after a beach walk. 🍞✨  It’s these little gems, like the bakehouse, that make life in Bargara so inviting—a community where simple pleasures and local flavours are always close by.   #BargaraLiving #MiraLiving #CoastalCharm #BargaraEats #HiddenGem"
"IG_103_2024-12-02_DDDaC6tp8Wl_1.jpg","https://www.instagram.com/p/DDDaC6tp8Wl/","2024-12-02","1","1440","1800","Our bathrooms feature stunning Waterfall Vasari stone vanity tops, adding a touch of timeless elegance to your daily routine. 🌿   Beautifully crafted, these spaces are designed to balance modern sophistication with the calming essence of coastal living.  #MiraLiving #CoastalElegance #LuxuryLiving #BargaraHomes #DesignDetails"
"IG_104_2024-11-29_DC8HA2kOnTT_1.jpg","https://www.instagram.com/p/DC8HA2kOnTT/","2024-11-29","1","1440","1800","Where cooking, relaxing, and connecting all come together. 🍴✨  #MiraLiving #CoastalLiving #ModernComfort #BargaraStyle"
"IG_104_2024-11-29_DC8HA2kOnTT_2.jpg","https://www.instagram.com/p/DC8HA2kOnTT/","2024-11-29","2","1440","1800","Where cooking, relaxing, and connecting all come together. 🍴✨  #MiraLiving #CoastalLiving #ModernComfort #BargaraStyle"
"IG_104_2024-11-29_DC8HA2kOnTT_3.jpg","https://www.instagram.com/p/DC8HA2kOnTT/","2024-11-29","3","1440","1800","Where cooking, relaxing, and connecting all come together. 🍴✨  #MiraLiving #CoastalLiving #ModernComfort #BargaraStyle"
"IG_105_2024-11-28_DC5PsRCyyZD_1.jpg","https://www.instagram.com/p/DC5PsRCyyZD/","2024-11-28","1","1440","1800","We are thrilled to announce that IDC Construct has been appointed to deliver our exciting Mira Living development in Bargara.  IDC Construct is a trusted local builder with a strong reputation for delivering residential projects with care and craftsmanship across the Bundaberg region. Their commitment to quality and attention to detail make them the perfect partner for this project.  Construction is set to commence soon, marking the start of an exciting new chapter for the Bargara community.  Stay tuned as we bring this vision to life and create a vibrant new space for future residents to call home. 🌊  @miraliving.bargara @furtadoproperty @idcconstruct @placeprojects_ @sparcarchitects @grahamfurtado"
"IG_105_2024-11-28_DC5PsRCyyZD_2.jpg","https://www.instagram.com/p/DC5PsRCyyZD/","2024-11-28","2","1440","1800","We are thrilled to announce that IDC Construct has been appointed to deliver our exciting Mira Living development in Bargara.  IDC Construct is a trusted local builder with a strong reputation for delivering residential projects with care and craftsmanship across the Bundaberg region. Their commitment to quality and attention to detail make them the perfect partner for this project.  Construction is set to commence soon, marking the start of an exciting new chapter for the Bargara community.  Stay tuned as we bring this vision to life and create a vibrant new space for future residents to call home. 🌊  @miraliving.bargara @furtadoproperty @idcconstruct @placeprojects_ @sparcarchitects @grahamfurtado"
"IG_105_2024-11-28_DC5PsRCyyZD_3.jpg","https://www.instagram.com/p/DC5PsRCyyZD/","2024-11-28","3","1440","1800","We are thrilled to announce that IDC Construct has been appointed to deliver our exciting Mira Living development in Bargara.  IDC Construct is a trusted local builder with a strong reputation for delivering residential projects with care and craftsmanship across the Bundaberg region. Their commitment to quality and attention to detail make them the perfect partner for this project.  Construction is set to commence soon, marking the start of an exciting new chapter for the Bargara community.  Stay tuned as we bring this vision to life and create a vibrant new space for future residents to call home. 🌊  @miraliving.bargara @furtadoproperty @idcconstruct @placeprojects_ @sparcarchitects @grahamfurtado"
"IG_105_2024-11-28_DC5PsRCyyZD_4.jpg","https://www.instagram.com/p/DC5PsRCyyZD/","2024-11-28","4","1440","1800","We are thrilled to announce that IDC Construct has been appointed to deliver our exciting Mira Living development in Bargara.  IDC Construct is a trusted local builder with a strong reputation for delivering residential projects with care and craftsmanship across the Bundaberg region. Their commitment to quality and attention to detail make them the perfect partner for this project.  Construction is set to commence soon, marking the start of an exciting new chapter for the Bargara community.  Stay tuned as we bring this vision to life and create a vibrant new space for future residents to call home. 🌊  @miraliving.bargara @furtadoproperty @idcconstruct @placeprojects_ @sparcarchitects @grahamfurtado"
"IG_105_2024-11-28_DC5PsRCyyZD_5.jpg","https://www.instagram.com/p/DC5PsRCyyZD/","2024-11-28","5","1440","1800","We are thrilled to announce that IDC Construct has been appointed to deliver our exciting Mira Living development in Bargara.  IDC Construct is a trusted local builder with a strong reputation for delivering residential projects with care and craftsmanship across the Bundaberg region. Their commitment to quality and attention to detail make them the perfect partner for this project.  Construction is set to commence soon, marking the start of an exciting new chapter for the Bargara community.  Stay tuned as we bring this vision to life and create a vibrant new space for future residents to call home. 🌊  @miraliving.bargara @furtadoproperty @idcconstruct @placeprojects_ @sparcarchitects @grahamfurtado"
"IG_106_2023-11-17_CzvPmkur6SI_1.jpg","https://www.instagram.com/p/CzvPmkur6SI/","2023-11-17","1","1638","2048","With its exquisite design, prime location, and unparalleled amenities, Mira Living promises to elevate your everyday living experience.  Don’t miss this exceptional opportunity to secure your piece of paradise. 🌴👌 . . . #ocean #oceanlife #oceanfront #oceanview #apartmentliving #OpenPlan #openplanliving #luxuryliving #luxurylife #luxuryhome #luxury #privatepool #pool"
"IG_107_2023-11-11_CzgLeIjRICd_1.jpg","https://www.instagram.com/p/CzgLeIjRICd/","2023-11-11","1","1440","1798","As you step foot into Mira Living, you’ll be greeted by an atmosphere of elegance and tranquility.   Each thoughtfully designed apartment showcases the finest craftsmanship and attention to detail,  creating a space that is both inviting and sophisticated.  Immerse yourself in the breathtaking panoramic views of the Coral Sea and feel the gentle sea breeze caress your skin as you unwind in the comfort of your own private sanctuary. . . . #coast #coastalliving #beach #apartment #entry #luxury #ocean #oceanview #resortliving #retirement #unwind #relax #luxuryliving #home"
"IG_108_2023-11-05_CzPeXIxJRrd_1.jpg","https://www.instagram.com/p/CzPeXIxJRrd/","2023-11-05","1","1638","2048","Our coastal-inspired bathroom is the epitome of opulence and relaxation. 👌  From the glistening marble countertops to the sleek, contemporary fixtures, every detail has been meticulously crafted to create a serene oasis by the sea. . . .  #ocean #oceanlife #oceanfront #oceanview #apartmentliving #OpenPlan #openplanliving #luxuryliving #luxurylife #luxuryhome #luxury #privatepool #pool"
"IG_109_2023-10-09_CyK7o6lScJi_1.jpg","https://www.instagram.com/p/CyK7o6lScJi/","2023-10-09","1","1638","2048","A luxury apartment is undeniably appealing, but when it harmonizes seamlessly with your ideal lifestyle, that’s when you can proudly declare it as your true home... Do you fancy a round of golf?  Savouring your morning coffee with a view? Or perhaps, taking a refreshing ocean dip?  At Mira Living, we position you right in the heart of Bargara’s finest.  Welcome to your dream lifestyle destination. . . .  #ocean #oceanlife #oceanfront #oceanview #apartmentliving #OpenPlan #openplanliving #luxuryliving #luxurylife #luxuryhome #luxury #privatepool #pool"
"IG_110_2023-09-24_CxkcOi7BuXF_1.jpg","https://www.instagram.com/p/CxkcOi7BuXF/","2023-09-24","1","1440","1798","By choosing Mira Living as your home,  you’re not just purchasing a property; you’re  investing in a lifestyle.  Imagine waking up to the gentle sound of  waves, witnessing breathtaking sunrises  from your oceanfront balcony, and creating  lasting memories with loved ones in the  comfort of your coastal retreat. ✨ . . . #coastalliving #coast #ocean #oceanview #oceanliving #waterfront #luxury #luxurylifestyle #luxuryhomes #livingroom"
"IG_111_2023-09-15_CxNEemrLxp4_1.jpg","https://www.instagram.com/p/CxNEemrLxp4/","2023-09-15","1","1440","1798","When you’re considering a “downsizing” move, there’s no need to compromise on space, luxury, or comfort.  Mira Living introduces expansive three- bedroom apartments that not only offer room for you to thrive but also space to welcome your family when they come to visit.  Experience the perfect balance between your personal oasis and a coastal paradise with Mira Living.   Enjoy the best of both worlds.  Enquire today at miraliving.com.au . . . #luxury #apartment #available #mira #living #lifestyle #water #beach #ocean #oceanview #waterfront #waterfronthomes #retirment #retirmentplanning #local #love"
"IG_112_2023-09-09_Cw95yCXho6__1.jpg","https://www.instagram.com/p/Cw95yCXho6_/","2023-09-09","1","1440","914","Designed by our team of architects from renowned Mondo Architects, Mira Apartments follows the vision that good architecture should stimulate the mind upon first impression but retain the functionality and purpose for which a structure is built.  Mira Living Apartments delivers on this sentiment through its organic structure, handmade features and large open- planned living. ✨  Apartments are now selling. Visit link in our bio to enquire! . . . #luxuryliving #architecture #design #interiordesign #livingroom #designinspo #apartment #beachfront #beachfrontproperty #oceanview #holidayhome #retirementplanning #retirmentgoals"
"IG_113_2023-09-07_Cw4epz1hYlL_1.jpg","https://www.instagram.com/p/Cw4epz1hYlL/","2023-09-07","1","1440","1800","Where functionality meets contemporary design, each detail within your Mira apartment will serve to provide easy living while immersed in premium detailing. ✨ . . . #bathroom #bathroomdesign #bathroominspiration #luxury #modern #ocean #living #pastel #colourpalette #beach #coastal #coastaldesign #love #waterfront"
"IG_114_2023-08-12_Cv155BqheeW_1.jpg","https://www.instagram.com/p/Cv155BqheeW/","2023-08-12","1","1440","1798","First release is now open!  Have you started to explore your options to retirement? Or perhaps looking to trade your city living for a coastal lifestyle?  Mira Living is your opportunity to secure a rare piece of the Bargara coastline.  Enquire with us today to discover your opportunity to luxury living.  Link in Bio 🙌 . . . #living #luxurylifestyle #luxury #apartment #oceanfront #oceanfrontproperty #oceanfrontview #lifestyle #retirement #retirementliving #openplan #property"
"IG_115_2023-06-19_Ctp3n-vLAzb_1.jpg","https://www.instagram.com/p/Ctp3n-vLAzb/","2023-06-19","1","891","1113","Mira Living - Coming Soon.  #bargara #realestate #property"